<?xml version="1.0" encoding="UTF-8"?>
<beans xmlns="http://www.springframework.org/schema/beans"
	xmlns:xsi="http://www.w3.org/2001/XMLSchema-instance"
	xmlns:context="http://www.springframework.org/schema/context"
	xmlns:mybatis-spring="http://mybatis.org/schema/mybatis-spring"
	xsi:schemaLocation="http://mybatis.org/schema/mybatis-spring http://mybatis.org/schema/mybatis-spring-1.2.xsd
		http://www.springframework.org/schema/beans https://www.springframework.org/schema/beans/spring-beans.xsd
		http://www.springframework.org/schema/context http://www.springframework.org/schema/context/spring-context-4.3.xsd">

	<!-- Root Context: defines shared resources visible to all other web components -->
	<context:component-scan base-package="com.lucle.myp" />
	
	<bean class="com.zaxxer.hikari.HikariConfig" id="hikariConfig">
		<property name="driverClassName" value="net.sf.log4jdbc.sql.jdbcapi.DriverSpy" />
		<property name="jdbcUrl" value="jdbc:log4jdbc:oracle:thin:@192.168.0.118:1521:xe" />
		<property name="username" value="lucle" />
		<property name="password" value="lucle" />
	</bean>

	<bean class="com.zaxxer.hikari.HikariDataSource" id="dataSource" destroy-method="close">
		<constructor-arg ref="hikariConfig" />
	</bean>
	
	<bean class="org.mybatis.spring.SqlSessionFactoryBean" id="sqlSessionFactoryBean">
		<property name="dataSource" ref="dataSource"></property>
	</bean>
	
	<mybatis-spring:scan base-package="com.lucle.myp.mapper"/>


</beans>
